Description,Payee,Category
Withdrawal from CAPITAL ONE MOBILE PMT,Savings Joint,Transfer
Withdrawal to Joint Savings XXXXXXX1001,Savings Joint,Transfer
Deposit from Joint Checking XXXXXXX8748,Checking Joint,Transfer
TARGET 00000554,Target,Groceries
Deposit from Olsson PAYROLL,Olsson,Income
CAPITAL ONE MOBILE PYMT,Capital One,Transfer
DUTCH BROS TX2701 DALL,Dutch Bros,Eating Out
TEXACO 0384819,Texaco,Gas
AMAZON MKTPL*SU5730513,Amazon,Shopping
Withdrawal from ATT PAYMENT,AT&T,Misc
Returned Mobile ACH Payme,Savor Aaron,Transfer
TEMU.COM,Temu,Shopping
WL *VUE*NCSBN EXAM,NCSBN,Misc
McDonalds 34522,McDonalds,Eating Out
TRADER JOE S #403,Trader Joes,Groceries
SOUTHWES  5262111094769,Southwest,Misc
TARGET        00000554,Target,Groceries
Digital Card Purchase - DD DOORDASH JERSEYMIK 855 973 1040 CA,Doordash,Eating Out
AMAZON MKTPL*BI2E33AO1,Amazon,Shopping
AMAZON MKTPL*BI3LB4BK2,Amazon,Shopping
SIGMA THETA TAU INTERN,Sigma Theta Tau,Misc
Nayax **ONHAND VENDING,Canteen Vending,Eating Out
IN-N-OUT DALLAS-CARUTH,In-N-Out,Eating Out
SAMS CLUB #6372,Sams Club,Groceries
WAL-MART #5823,Walmart,Groceries
Deposit from HSA BANK PLAN DISTR,HSA,Medical
Deposit from Kayleigh Personal XXXXXXX4450,Savings Kayleigh,Transfer
Withdrawal from WF ADVISORS DEBIT,Wells Fargo,Savings Easton
Withdrawal to Joint Checking XXXXXXX8748,Checking Joint,Transfer
USAA INSURANCE PAYMENT,USAA,Misc
Digital Card Purchase - COCA COLA DENVER CO DENVER CO,Coca Cola,Eating Out
Withdrawal from Flatirons Commun Flatirons,Flatirons Church,Tithe
KFC J625033,KFC,Eating Out
VTG*Ash at the Branch,Ash at the Branch,Housing
Monthly Interest Paid,Monthly Interest,Income
360 Checking Card Adjustment Signature (Credit) AMAZON PRIME PMTS SEATTLE WA,Amazon,Shopping
AMAZON MKTPL*BB9BU2PG1,Amazon,Shopping
KROGER #0518,Kroger,Eating Out
AMAZON PRIME*O45TF7L73,Amazon,Shopping
SP WHITE FOX BOUTIQU,White Fox,Shopping
WHOOP,Whoop,Medical
T.J. MAXX #1515,TJ Maxx,Shopping
DUTCH BROS CO1301 WEST,Dutch Bros,Eating Out
Withdrawal to Kayleigh Personal XXXXXXX4450,Savings Kayleigh,Transfer
Withdrawal to Aaron Personal XXXXXXX3846,Savings Aaron,Transfer
SP PARKECPKLLC,Parke,Shopping
Deposit from 3801000000000000 FED PAYMNT,Army,Income
DUTCH BROS CO1306 ERIE,Dutch Bros,Eating Out
TARGET        00021972,Target,Groceries
AUNTIE ANNE'S TX109,Auntie Anne's,Eating Out
Digital Card Purchase - SPOTIFY P3C95B73B6 NEW YORK NY,Spotify,Subscriptions
SUNOCO 8002202101  QPS,Sunoco,Gas
Digital Card Purchase - APPLE 0461CAMPUSBOOK 800 365 5388 IL,BU Bookstore,Shopping
TOM THUMB #2642,Tom Thumb,Groceries
Withdrawal from VENMO PAYMENT,Venmo,Venmo
Digital Card Purchase - THE HERD LAFAYETTE CO,The Herd,Misc
Digital Card Purchase - WWW CVS COM 800 746 7287 RI,CVS,Groceries
Swig Keller TX,Swig,Eating Out
MCDONALD'S F23136,McDonalds,Eating Out
Digital Card Purchase - STARBUCKS 52895 BAYLOR IRVING TX,Starbucks,Eating Out
CHARIOT ENERGY,Chariot Energy,Misc
SEPHORA.COM,Sephora,Shopping
AMAZON MKTPL*B87WM2PZ0,Amazon,Shopping
CHEVRON 0301946,Chevron,Gas
NORTH ITALIA DALLAS UN,North Italia,Eating Out
TIL*PL RUSTY TACO,Rusty Taco,Eating Out
TX BOARD OF NURSING,TX Nursing,Misc
Deposit from VENMO CASHOUT,Venmo,Income
Digital Card Purchase - AMAZON MKTPL NK23Q87G1 SEATTLE WA,Amazon,Shopping
DOMINO'S 6974,Dominos,Eating Out
McDonalds 10470,McDonalds,Eating Out
Digital Card Purchase - AMAZON PRIME OE0B43MK3 SEATTLE WA,Amazon,Shopping
SAMSCLUB #6372,Sams Club,Groceries
TEXAS ROADHOUSE #2053,Texas Roadhouse,Eating Out
BAYLOR UNIV CONCESS,Baylor Concessions,Eating out
CHICK-FIL-A #03295,Chick-fil-a,Eating Out
QT 943,Quick Trip,Gas
TARGET        00015313,Target,Groceries
TACO BELL #05789,Taco Bell,Eating Out
McDonalds 7395,McDonalds,Eating Out
HOMEGOODS #0513,Home Goods,Shopping
CHEVRON 0305989,Chevron,Gas
Digital Card Purchase - AMAZON MKTPL NU75T47V2 SEATTLE WA,Amazon,Shopping
AMAZON MKTPL*N42X07QQ0,Amazon,Shopping
STUBHUB INC,Stubhub,Eating Out
HOTELCOM73286219896097,Hotel.com,Misc
SP LIFEVAC-USA,Lifevac,Shopping
Digital Card Purchase - TACO BELL 716224 214 821 4866 TX,Taco Bell,Eating Out
AMAZON MKTPL*N41PL2CC1,Amazon,Shopping
AMAZON MKTPL*NU2KC1IB1,Amazon,Shopping
SHELL OIL 57545272205,Shell Fuel,Gas
7-ELEVEN 38627,7-Eleven,Gas
Digital Card Purchase - SPOTIFY P3BA61EFAF NEW YORK NY,Spotify,Subscriptions
IC* INSTACART,Instacart,Eating Out
KRISPY KREME #382,Krispy Kreme,Eating Out
McDonalds 2278,McDonalds,Eating Out
Debit Card Purchase - VENMO CHRIS NGUYEN 8558124430 NY,Venmo,Venmo
Instant transfer received from VENMO - MMDHUNYB9U1S4BI,Venmo,Income
Zelle money received from AARON DIXON,Zelle,Misc
AMAZON MARK* NF6OW7260,Amazon,Shopping
AMAZON MARK* NF9OZ1GZ1,Amazon,Shopping
FIVE BELOW  1177,Five Below,Shopping
Digital Card Purchase - DD DOORDASH TACOBELL 6506819470 CA,Doordash,Eating Out
TST*LA LA LAND KIND CA,LaLa Land Coffee,Eating Out
Digital Card Purchase - NORDRACKCOM8889666283 LOS ANGELES CA,Nordstrom Rack,Shopping
AMAZON RETA* NV1IH9C22,Amazon,Shopping
NORDSTROM RACK #0738,Nordstrom Rack,Shopping
AMAZON RETA* NJ5NR32H2,Amazon,Shopping
SP FIGS INC.,Figs,Shopping
Withdrawal from CAPITAL ONE CRCARDPMT,Checking Joint,Transfer
Deposit from Olsson Assoc Expenses,Olsson,Income
Digital Card Purchase - AMAZON PRIME NJ6NE95I2 AMZN COM BIL WA,Amazon,Shopping
Withdrawal from ASH AT THE BRANC    PAYMENT,The Ash at the Branch,Housing
CAPITAL ONE AUTOPAY PYMT,Capital One,Transfer
DFW AIRPORT PARKING,DFW Parking,Misc
AMAZON MARK* NV03K6OW1,Amazon,Shopping
CHIPOTLE 5303,Chipotle,Eating Out
TX DPS DL OFFICE,TX DL Office,Misc
SP SELFIE LESLIE,Selfie Leslie,Shopping
SP HELLO MOLLY USA,Hello Molly,Shopping
365 MARKET  888 432-32,365 Market,Eating Out
Digital Card Purchase - SP FIGS INC LOS ANGELES CA,Figs,Shopping
Digital Card Purchase - DD DOORDASH KFC 8559731040 CA,Doordash,Eating Out
CHEFSTORE 8107,Chef Store,Eating Out
TARGET        00032920,Target,Groceries
TRADER JOE S #401,Trader Joes,Groceries
Digital Card Purchase - DD DOORDASH KRISPYKRE SAN FRANCISC CA,Doordash,Eating Out
DALLASCOUNTY TAXOFFICE,Dallas Tax Office,Misc
Quix State Inspection,Quix Inspection,Misc
GEORGE ALLEN GARAGE,GA Garage Parking,Misc
JPMC FEE,JP Morgan Chase,Misc
TOM THUMB FS2642,Tom Thumb,Groceries
4050-189-ONE CITY PLAC,One City Place FTW,Transportation
"Deposit from DFAS-IN  IND, IN ARMY RC",Army,Income
WF *WAYFAIR4327976189,Wayfair,Shopping
BT     *J BRANDT RECOG,J Brandt Recognition,Shopping
Digital Card Purchase - SPOTIFY P3AB7AED56 NEW YORK NY,Spotify,Subscriptions
CAPTAIN BILLY WHIZZBAN,Captain Billy Whizzbang’s,Eating Out
ROAD RANGER # 319,RR Fuel Station,Eating Out
Zelle money sent to Mollie DIXON,Zelle,Misc
Debit Card Purchase - CPI CANTEEN VENDING D 800 628 8363 IA,Canteen Vending,Eating Out
AMAZON MARK* QX1VY4DM3,Amazon,Shopping
GRABSCANGO MARKETS,GrabScanGo,Eating Out
WORLD NEWS & GIFTS,World News Airport,Eating Out
CHICK-FIL-A #1928,Chick-fil-a,Eating Out
SEPHORA NORTHPARK,Sephora,Shopping
ITSSUGAR NORTH PARK,Its Sugar,Shopping
FREE PEOPLE 00813,Free People,Shopping
NOTARIZE DBA PROOF.COM,Notarize,Misc
SP HYDROJUG,Hydrojug,Shopping
365 VEND LLC,365 Vend,Eating Out
AMAZON RETA* 7A93R84P3,Amazon,Shopping
Debit Card Purchase - SAMSCLUB 6372 DALLAS TX,Sams Club,Groceries
Digital Card Purchase - AMAZON PRIME LU0NO1OQ3 AMZN COM BIL WA,Amazon,Shopping
Digital Card Purchase - DD DOORDASHTORCHYSTAC 8559731040 CA,Doordash,Eating Out
WM SUPERCENTER #5823,Walmart,Groceries
Digital Card Purchase - DD DOORDASHMCDONALDS 8559731040 CA,Doordash,Eating Out
CARENT LABORATORY SOLU,Carent Lab,Misc
TARGET        00008755,Target,Groceries
TARGET        00017848,Target,Groceries
Digital Card Purchase - TST SHUGS LEMMON 214 466 8200 TX,Shug's Bagels,Eating Out
AMAZON RETA* MF7VV88W3,Amazon,Shopping
CHICK-FIL-A  # 01393,Chick-fil-a,Eating Out
Dallas Zoo,Dallas Zoo,Misc
SUPERSTARCARWASH GREEN,Superstar Car Wash,Misc
SSA DALLAS ZOO,Dallas Zoo,Misc
KROGER FUEL #1518,Kroger,Gas
Digital Card Purchase - CC CRUMBL 7THSTREET LINDON UT,Crumble Cookies,Eating Out
TJMAXX #0677,TJ Maxx,Shopping
Digital Card Purchase - SPOTIFY P39B5AB0BA NEW YORK NY,Spotify,Subscriptions
THE VITAMIN SHOPPE#209,The Vitamin Shoppe,Misc
Debit Card Purchase - DISNEY PLUS 8889057888 CA,Disney,Subscriptions
Deposit from Aaron Personal XXXXXXX3846,Savings Aaron,Transfer
Zelle money sent to KOLTON KNEEBONE,Zelle,Misc
JAPAN HOUSE - FORT WOR,Japan House,Eating Out
SHELL OIL 12404091006,Shell Fuel,Gas
Nayax **Canteen Dallas,Canteen Vending,Eating Out
"Digital Card Purchase - USPS PO 48221802 6120 DALLAS, TX US",USPS,Misc
AMAZON MARK* L54FM0F23,Amazon,Shopping
AUTOZONE #5873,Autozone,Transportation
CVS/PHARMACY #02979,CVS,Groceries
MCDONALD'S F13569,McDonalds,Eating Out
Withdrawal from HCTRA EFT EZTAGSTPPD,Checking Joint,Transfer
PEP BOYS STORE # 1716,PEP Boys,Misc
PLAT PARKING LOT-188 S,Plat Parking,Misc
KING SOOPERS #0129,King Soopers,Eating Out
PHILLIPS 66 - HIGH COU,Phillips 66,Gas
PHILLIPS 66 - PAK A SA,Phillips 66,Gas
Digital Card Purchase - AMAZON PRIME KL3Z79RR3 AMZN COM BIL WA,Amazon,Shopping
MEN425 MENCHIES ORCHAR,Menchies,Eating Out
TACO BELL 033851,Taco Bell,Eating Out
Withdrawal from AMBIT ENERGY AMBT_ACH,Ambit,Misc
Tax Return - Check Deposit (Mobile),Checking Joint,Income
B33 Belmar II LLC Park,Belmar Parking,Transportation
KING SOOPERS #0729 FUE,King Soopers,Gas
SOUTHWES  5264285115330,Southwest,Misc
Kneeland Grad gift - Check Deposit (Mobile),Checking Joint,Income
CO MOTOR VEHICLE SERVI,CO MV Services,Misc
Digital Card Purchase - SPOTIFY 8777781161 NY,Spotify,Subscriptions
EXXON 7-ELEVEN 35403,Exxon,Gas
QT 860,Quick Trip,Gas
Digital Card Purchase - WWW CVS COM 800 7467287 RI,CVS,Groceries
Prenote AH0716EI.001^ATT^PAYMENT^071025,Capital One,Transfer
AAFES NAS FT WORTH JRB,AAFES,Shopping
KROGER #0529,Kroger,Groceries
AMAZON MARK* RF2F252I3,Amazon,Shopping
AMAZON MKTPL*NR54R9X80,Amazon,Shopping
CENTRAL MARKET #552,Central Market,Groceries
TACO BELL 0001089,Taco Bell,Eating Out
SQ *BLUE PARROT ON WHE,Blue Parrot,Eating Out
7-ELEVEN 34112,7-Eleven,Gas
CIRCLE K #2741376,Circle K,Gas
LOVE'S #0247 OUTSIDE,Loves's Fuel,Gas
U-HAULJUST STICKERS,U-Haul,Misc
WHATABURGER 140    Q26,Whataburger,Eating Out
STARBUCKS 06759,Starbucks,Eating Out
EXXON ALTA CONVENIENCE,Exxon,Gas
TOOT' N TOTUM #130,Toot N Totum,Eating Out
U-HAUL MOVING & STORAG,U-Haul,Misc
KING SOOPERS #5129,King Soopers,Eating Out
SOUTHWES  5262363107414,Southwest,Misc
MED*BOULDER COMM HEALT,Boulder Community Health,Medical
SQ *MEANEY'S MINI DONU,Meaney's Donuts,Eating Out
Digital Card Purchase - AMAZON PRIME N30700SF2 AMZN COM BIL WA,Amazon,Shopping
"Withdrawal from AppFolio, Inc. F WEB PMTS",The Ash at the Branch,Housing
Withdrawal from Brothers Managem WEB PMTS,Brothers Waco,Housing
CKE*TOASTED MANGO CAFE,Toasted Mango,Eating Out
CTLP*CANTEEN VENDING,Canteen Vending,Eating Out
WDW LUNCH BOX,Disney,Eating Out
BOULANGERIE PATISSERIE,BOULANGERIE PATISSERIE,Eating Out
CRYSTAL ARTS AT MAGIC,Disney,Shopping
WDW EGGROLL CART,Disney,Eating Out
Lemonade Insurance,Lemonade Insurance,Misc
AMAZON MARK* NO56T5BQ1,Amazon,Shopping
AMAZON MARK* NO6P43YK2,Amazon,Shopping
7-ELEVEN 38638,7-Eleven,Gas
WALMART.COM 8009256278,Walmart,Shopping
MAVERIK #5327,Maverik,Gas
KRISPY KREME #4110,Krispy Kreme,Eating Out
Digital Card Purchase - NOODLES AND COMPANY BROOMFIELD CO,Noodles & CO,Eating Out
THE HOME DEPOT #1548,Home Depot,Shopping
WM SUPERCENTER #1045,Walmart,Groceries
SQ *SWEETS ICE CREAM,Sweets Ice Cream,Eating Out
TST* ARVADA GREAT HARV,Great Harvest Bread,Eating Out
"SHEINUSServices,LLC",Shein,Shopping
Dicks Sporting Goods,Dicks Sporting Goods,Shopping
BOUQS.COM 8883202687,Bouqs Flowers,Misc
Rent - Deposit from Joint Savings XXXXXXX1001,Savings Joint,Transfer
Rent - Withdrawal to Joint Checking XXXXXXX8748,Checking Joint,Transfer
MURPHY EXPRESS 8747,Murphy Express,Eating Out
Debit Card Purchase - STAPP INTERSTATE TOYOT FREDERICK CO,Stapp Toyota,Misc
Digital Card Purchase - AMAZON RETA N650C5OG2 SEATTLE WA,Amazon,Shopping
Debit Card Purchase - VENMO MARY SMITH 8558124430 NY,Venmo,Venmo
Digital Card Purchase - AMAZON RETA NN6O210S1 SEATTLE WA,Amazon,Shopping
LS BELLA ROSA GOLF COU,Bella Rosa,Misc
DUTCH BROS CO0308 THOR,Dutch Bros,Eating Out
CONOCO - SEI 34168,Conoco,Gas
AMAZON MARK* NN5QO0H52,Amazon,Shopping
SEPHORA ORCHARD TOWN C,Sephora,Shopping
ULTA #540,Ulta,Shopping
AMAZON MARK* NN3ZL70Z2,Amazon,Shopping
AMAZON MKTPL*NN0OB01M2,Amazon,Shopping
AMAZON RETA* NZ7994891,Amazon,Shopping
Debit Card Purchase - MAVERIK 5327 THORNTON CO,Maverik,Gas
360 Checking Card Adjustment Signature (Credit) LIFEWORK EDUCATION INC 440 725 8123 OH,Lifework Education,Misc
"Debit Card Purchase - KING SOOP 1891 STATE H ERIE, CO US",King Soopers,Groceries
Debit Card Purchase - LIFEWORK EDUCATION INC 440 725 8123 OH,Lifework Education,Misc
AMAZON MARK* NZ6984IR2,Amazon,Shopping
AMAZON RETA* NW1665YW1,Amazon,Shopping
"Debit Card Purchase - WALGREENS STORE 490 ER ERIE, CO US",Walgreens,Groceries
BURGER KING #21599 Q07,Burger King,Eating Out
WALGREENS #12864,Walgreens,Groceries
DUTCH BROS CO0810,Dutch Bros,Eating Out
Debit Card Purchase - THE HERD LAFAYETTE CO,The Herd,Misc
DUTCH BROS CO0403 LONG,Dutch Bros,Eating Out
Debit Card Purchase - HYATT PLACE TEMPE TEMPE AZ,Hyatt,Misc
Debit Card Purchase - TIL PL RUSTY TACO TEMP TEMPE AZ,Rusty Taco,Eating Out
Digital Card Purchase - LYFT RIDE THU 10AM SAN FRANCISC CA,Lyft,Misc
Debit Card Purchase - SQ BLUE SKY CONCESSIO TUCSON AZ,Blue Sky Concessions,Eating Out
Digital Card Purchase - DD DOORDASH TACOBELL SAN FRANCISC CA,Doordash,Eating Out
Digital Card Purchase - UBER TRIP 8005928996 CA,Uber,Misc
Debit Card Purchase - D BAR AT DIA DENVER CO,D Bar DIA,Eating Out
Debit Card Purchase - PHX PUBLIC MARKET ST28 PHOENIX AZ,Public Market,Groceries
TARGET        00000646,Target,Shopping
Unfiltered Community,Flatirons Church,Misc
"Debit Card Purchase - CENTURY CHEVROLET BROOMFIELD, CO US",Century Chevorlet,Misc
Deposit from Joint Savings XXXXXXX1001,Savings Joint,Transfer
Digital Card Purchase - AMAZON MARK NI7GW13Q0 SEATTLE WA,Amazon,Shopping
AMAZON MARK* NI1VP8L21,Amazon,Shopping
BATH AND BODY WORKS 52,Bath and Body Works,Shopping
HOLIDAY INN MARKET CTR,Holiday Inn,Misc
HUDSON NEWS HBS ST2305,Hudson,Eating Out
BUC-EE'S #59,Buc-ee's,Gas
DUTCH BROS TX1002 WACO,Dutch Bros,Eating Out
3 SPOONS YOGURT,3 Spoons Yogurt,Eating Out
CARTER'S #816,Carter's,Shopping
TST*CAFE CAPPUCCINO -,Café Cappuccino,Eating Out
Debit Card Purchase - TARGET 00021972 BROOMFIELD CO,Target,Groceries
H-E-B #672,HEB,Groceries
MARSHALLS #0294,Marshalls,Shopping
TST* THE BLASIAN ASIAN,Blasian Asian,Eating Out
TST*RONIS MAC BAR - UN,Roni's Mac Bar,Eating Out
7-ELEVEN 25028,7-Eleven,Eating Out
CONOCO - SEI 25028,Conoco,Gas
Digital Card Purchase - AMAZON MARK 5E8E90TZ3 SEATTLE WA,Amazon,Shopping
CHEVRON 0380834,Chevron,Eating Out
BUDGET RENT A CAR,Budget Rental Car,Transportation
WHATABURGER 706    Q26,Whataburger,Eating Out
"Debit Card Purchase - MAVERIK #5264 ERIE, CO US",Maverik,Gas
CANTEEN 46,Canteen Vending,Eating Out
QT 877,Quick Trip,Eating Out
DOLLAR RAC,Dollar Car Rental,Misc
PANDA EXPRESS # 3000,Panda Express,Eating Out
Digital Card Purchase - AMAZON MARK WT83Z3RY3 SEATTLE WA,Amazon,Shopping
MCDONALD'S F14636,McDonalds,Eating Out
SHELL OIL 57545268906,Shell Fuel,Gas
WHATABURGER 110    Q26,Whataburger,Eating Out
Debit Card Purchase - BURGER KING 21599 Q07 ERIE CO,Burger King,Eating Out
Deposit from IRS  TREAS 310   TAX REF,IRS,Income
Digital Card Purchase - AMAZON MARK SB02R14N3 SEATTLE WA,Amazon,Shopping
Digital Card Purchase - AMAZON RETA WC9A55RF3 SEATTLE WA,Amazon,Shopping
ASME.ORG,ASME,Misc
HERTZ #0464826,Hertz Rental Car,Misc
EXPEDIA 73086976941268,Expedia,Misc
HOTELCOM72062570293789,Hotel.com,Misc
"Digital Card Purchase - MURPHY EXPRESS BROOMFIELD, CO US",Murphy Express,Eating Out
TARGET        00013722,Target,Groceries
Withdrawal from AMBIT AMBIT BPF_DSS_0_0418115502.txt,Ambit,Misc
Gibson Donation - Withdrawal to Joint Checking XXXXXXX8748,Checking Joint,Transfer
Gibson Donation - Deposit from Aaron Personal XXXXXXX3846,Savings Aaron,Transfer
OFF THE ROPES 501(C)3,Off the Ropes,Misc
Debit Card Purchase - KING SOOPERS 5129 ERIE CO,King Soopers,Groceries
"Debit Card Purchase - MAVERIK #5327 THORNTON, CO US",Maverik,Gas
Debit Card Purchase - SAMSCLUB 4745 THORNTON CO,Sams Club,Groceries
Debit Card Purchase - INTUIT TURBOTAX CL INTUIT CO CA,TurboTax,Misc
Turbotax - Withdrawal to Joint Checking XXXXXXX8748,TurboTax,Misc
Turbotax - Deposit from Aaron Personal XXXXXXX3846,TurboTax,Misc
Digital Card Purchase - AMAZON RETA 666H93QP3 SEATTLE WA,Amazon,Shopping
Digital Card Purchase - BIBLE PROJECT GIFT PORTLAND OR,Bible Project,Misc
Debit Card Purchase - ASHRAE PEACHTREE CO GA,ASHRAE,Misc
"Debit Card Purchase - 7-ELEVEN FREDERICK, CO US",7-Eleven,Gas
Digital Card Purchase - BETTERWORLDBOOKS COM MISHAWAKA IN,Better World Books,Shopping
Preauthorized Deposit from FIRST INTERSTATE BANK checking account XXXX5412,Savings Aaron,Income
Books - Withdrawal to Joint Checking XXXXXXX8748,Checking Joint,Transfer
Books - Deposit from Aaron Personal XXXXXXX3846,Savings Aaron,Transfer
Digital Card Purchase - LABORATORY CORPORATION 8002227566 NC,Lab Corp,Misc
SHEIN.COM,Shein,Shopping
Rent for April 1 - Deposit from Joint Savings XXXXXXX1001,Savings Joint,Transfer
Rent for April 1 - Withdrawal to Joint Checking XXXXXXX8748,Checking Joint,Transfer
AMAZON RETA* 9898X5U83,Amazon,Shopping
Withdrawal to Aaron Personal XXXXXXX4450,Savings Aaron,Transfer
Withdrawal to Kayleigh Personal XXXXXXX3846,Savings Kayleigh,Transfer
AMAZON MARK* DC80G6ZO3,Amazon,Shopping
Debit Card Purchase - DEPT OF REGULATORY TTC DENVER CO,CO DORA,Misc
AMAZON MARK* IU3RS1NE3,Amazon,Shopping
SP NINNI CO,Ninni,Shopping
SP MABEPRODUCTS.COM,Mabe Baby,Shopping
Debit Card Purchase - SOUTHWES 800 435 9792 TX,Southwest ,Misc
DD *DOORDASH KFC,Doordash,Eating Out
HOTELCOM72061968258706,Hotel.com,Misc
TST* GOOD TIMES RESTAU,Good Times,Eating Out
SOUTHWES  5262324614278,Southwest,Misc
Withdrawal from AMBIT AMBIT,Ambit,Misc
MARSHALLS #0751,Marshalls,Shopping
Debit Card Purchase - SQ CCAPMVETCARE BROOMFIELD CO,CCAMP Vet Care,Misc
AMAZON RETA* 4U69V4NV3,Amazon,Shopping
AMAZON RETA* XR0BD7GR3,Amazon,Shopping
Check Deposit (Mobile),Checking Joint,Income
SP CLEANSIMPLEEATS,Clean Simple Eats,Shopping
NCEES.ORG,NCEES,Misc
Withdrawal from HSA BANK ACCTVERIFY,Checking Joint,Transfer
Deposit from HSA BANK ACCTVERIFY,HSA,Medical
MED*BOULDER MEDICAL CE,Boulder Community Health,Medical
Marshalls - Withdrawal to Joint Checking XXXXXXX8748,Marshalls,Shopping
Sephora - Withdrawal to Joint Checking XXXXXXX8748,Sephora,Shopping
Marshalls - Deposit from Kayleigh Personal XXXXXXX3846,Marshalls,Shopping
Sephora - Deposit from Kayleigh Personal XXXXXXX3846,Sephora,Shopping
AMAZON MARK* AP8II7623,Amazon,Shopping
AMAZON MARK* DN7H43AI3,Amazon,Shopping
AMAZON PRIME*I84KO03F3,Amazon,Shopping
BU WACO HALL TKT OFF W,Waco Hall,Misc
MCDONALD'S F26595,McDonalds,Eating Out
AMAZON MARK* 1799K73L3,Amazon,Shopping
AMAZON MARK* JM6B30ON3,Amazon,Shopping
DD *DOORDASH NOODLESCO,Doordash,Eating Out
TXU*BILL PAYMENT,TXU Energy,Misc
Woop Band - Deposit from Aaron Personal XXXXXXX4450,Savings Aaron,Transfer
Woop Band - Withdrawal to Joint Checking XXXXXXX8748,Checking Joint,Transfer
WHOOP INC.,Whoop,Medical
ORDER.NOODLES.COM,Noodles & CO,Eating Out
dhgate.com,DH Gate,Shopping
MAVERIK #5310,Maverik,Gas
TRADER JOE S #301,Trader Joes,Groceries
Digital Card Purchase - AMAZON MARK WM0X40WR3 SEATTLE WA,Amazon,Shopping
Accidental Extra Rent Pay - Deposit from Joint Savings XXXXXXX1001,Savings Joint,Transfer
Accidental Extra Rent Pay - Withdrawal to Joint Checking XXXXXXX8748,Checking Joint,Transfer
Withdrawal from simpledonation.c Flatirons,Flatirons Church,Tithe
Debit Card Purchase - DUTCH BROS CO1301 WEST WESTMINSTER CO,Dutch Bros,Eating Out
Digital Card Purchase - AMAZON TIPS ZC5GJ1D92 AMZN COM BIL WA,Amazon,Shopping
Debit Card Purchase - AMAZON GROCE ZC2T405J2 SEATTLE WA,Amazon,Shopping
CIRCLE K # 06786,Circle K,Gas
RMR HUMAN DONOR MILK,RMR Donor Milk,Misc
360 Checking Card Adjustment Signature (Credit) SP BABYLIST OAKLAND CA,Babylist,Shopping
Digital Card Purchase - AMAZON MARK ZG7C22GI2 SEATTLE WA,Amazon,Shopping
Debit Card Purchase - REGATTA SLOANS LAKE DENVER CO,Regatta Parking,Misc
Debit Card Purchase - PY CHEBA HUT SLOANS DENVER CO,Cheba Hut,Eating Out
Debit Card Purchase - FIVE BELOW 3067 WESTMINSTER CO,Five Below,Shopping
Deposit from Kayleigh Personal XXXXXXX3846,Savings Kayleigh,Transfer
Digital Card Purchase - AUTOWASH DENVER CO,Autowash Car Wash,Misc
Debit Card Purchase - AUTOWASH DENVER CO,Autowash Carwash,Misc
Digital Card Purchase - HIDDEN HYBR 3304843709 OH,Hidden Hybrid Holsters,Shopping
Digital Card Purchase - AMAZON MARK ZD9WB9AX1 SEATTLE WA,Amazon,Shopping
Digital Card Purchase - AMAZON MARK ZD18G2361 SEATTLE WA,Amazon,Shopping
Debit Card Purchase - AMAZON MARK ZD1Q78FH1 SEATTLE WA,Amazon,Shopping
"Debit Card Purchase - O'REILLY 2816 NORTHGLENN, CO US",O'Rilety,Misc
Digital Card Purchase - AMAZON MARK ZD8A64QT0 SEATTLE WA,Amazon,Shopping
Deposit from Aaron Personal XXXXXXX4450,Savings Aaron,Transfer
"Debit Card Purchase - KING SOOPERS #07 1891 ERIE, CO US",King Soopers,Groceries
SP BABYLIST,Babylist,Shopping
Debit Card Purchase - DUTCH BROS CO1302 NORT NORTHGLENN CO,Dutch Bros,Eating Out
"Debit Card Purchase - CABELAS THORNTON. CO THORNTON, CO US",Cabelas,Shopping
Debit Card Purchase - ULTA 540 WESTMINSTER CO,Ulta,Shopping
Debit Card Purchase - GOFNDME DONATE TO DAY SAN DIEGO CA,Go Fund Me,Misc
Zelle money received from Mollie DIXON,Zelle,Misc
Deposit from 360 Performance Savings XXXXXXX1001,Savings Joint,Transfer
"Debit Card Purchase - KING SOOPERS #01 1891 ERIE, CO US",King Soopers,Eating Out
Withdrawal to 360 Checking XXXXXXX8748,Checking Joint,Transfer
Digital Card Purchase - AMAZON MARK ZD0XN63E2 SEATTLE WA,Amazon,Shopping
"Debit Card Purchase - NOODLES & CO 170 WESTMINSTER, CO US",Noodles & CO,Eating Out
"Debit Card Purchase - NORDSTROM RACK # 14530 WESTMINSTER, CO U",Nordstrom Rack,Shopping
Debit Card Purchase - SP BABYLIST OAKLAND CA,Babylist,Shopping
7-ELEVEN 34168,7-Eleven,Eating Out
Digital Card Purchase - AMAZON MARK ZE8LE7VO1 SEATTLE WA,Amazon,Shopping
Digital Card Purchase - AMZN MKTP US ZP7CM3SR2 AMZN COM BIL WA,Amazon,Shopping
Dispute Credit - AMZN MKTP US ZP7FM08J2,Amazon,Shopping
"Debit Card Purchase - ROCKET 6515 NORTHGLENN, CO US",Rocket Gas,Gas
Digital Card Purchase - AMZN MKTP US ZP7FM08J2 AMZN COM BIL WA,Amazon,Shopping
Digital Card Purchase - AMAZON MARK ZE6SA2TV1 SEATTLE WA,Amazon,Shopping
Debit Card Purchase - AMAZON MARK ZP8XG3JB2 SEATTLE WA,Amazon,Shopping
Digital Card Purchase - AMAZON MARK ZP91L2JT2 SEATTLE WA,Amazon,Shopping
Digital Card Purchase - ORDER NOODLES COM BROOMFIELD CO,Noodles & CO,Eating Out
Digital Card Purchase - AMAZON MARK ZP5CJ74W2 SEATTLE WA,Amazon,Shopping
Digital Card Purchase - AMAZON MARK ZP8A43FN2 SEATTLE WA,Amazon,Shopping
Debit Card Purchase - AMC 0052 FLATIRON CR 1 BROOMFIELD CO,AMC Movies,Misc
Preauthorized Deposit from FIRSTBANK checking account XXXXXX2899,Savings Joint,Income
Digital Card Purchase - AMAZON MARK ZE2RO75I2 SEATTLE WA,Amazon,Shopping
Debit Card Purchase - WHATABURGER 1109 FT WORTH TX,Whataburger,Eating Out
Debit Card Purchase - DAIRY QUEEN 13801 QPS AMARILLO TX,Dairy Queen,Eating Out
Debit Card Purchase - PECAN SHED HENRIETTA TX,Pecan Shed,Eating Out
Debit Card Purchase - BAYLOR UNIV CONCESS WACO TX,Baylor Concessions,Eating Out
Debit Card Purchase - U HAUL MOVING STORAG WACO TX,U-Haul,Misc
Debit Card Purchase - AN CHEVROLET WACO WACO TX,AN Chevorlet,Misc
Debit Card Purchase - DUTCH BROS TX1002 WACO WACO TX,Dutch Bros,Eating Out
"Debit Card Purchase - PILOT #1083 STRATFORD, TX US",Pilot Gas,Eating Out
"Debit Card Purchase - CIRCLE K #2741376 WACO, TX US",Circle K,Gas
Debit Card Purchase - U HAULKWICK STOP BALCH SPRIN TX,U-Haul,Misc
Digital Card Purchase - AMAZON MARK Z19MH06B1 SEATTLE WA,Amazon,Shopping
"Debit Card Purchase - AUTOZONE 5799 4909 CO DALLAS, TX US",Autozone,Misc
Digital Card Purchase - LYFT 1 RIDE 12 16 SAN FRANCISC CA,Lyft,Misc
Debit Card Purchase - PBC WACO TX485 WACO TX,Panera Bread,Eating Out
Digital Card Purchase - AMAZON MARK Z97CH8O72 SEATTLE WA,Amazon,Shopping
Debit Card Purchase - TST SHORTY S PIZZA SH WACO TX,Shorty's Pizza,Eating Out
Digital Card Purchase - AMAZON MARK Z14S87FS0 SEATTLE WA,Amazon,Shopping
Debit Card Purchase - WATERSHED WACO WACO TX,Watershed Car Wash,Misc
"Debit Card Purchase - KROGER #0 4241 CAPITOL DALLAS, TX US",Kroger,Groceries
Digital Card Purchase - GRUBHUB BAYLOR UNIVE WACO TX,Grubhub,Eating Out
"Debit Card Purchase - H-E-B #672 WACO, TX US",HEB,Groceries
Digital Card Purchase - SOUTHWES 800 435 9792 TX,Southwest,Misc
Debit Card Purchase - QT 1903 OUTSIDE DALLAS TX,Quick Trip,Gas
Debit Card Purchase - 360TRAINING COM 18778812235 TX,360 Training,Misc
Debit Card Purchase - ATT BILL PAYMENT DALLAS TX,AT&T,Misc
Digital Card Purchase - TST LA LA LAND KIND C DALLAS TX,LaLa Land Coffee,Eating Out
Debit Card Purchase - TOM THUMB 2642 DALLAS TX,Tom Thumb,Groceries
Debit Card Purchase - CHICK FIL A 03904 DALLAS TX,Chick-fil-a,Eating Out
Debit Card Purchase - TB KFC 027819 DALLAS TX,KFC,Eating Out
Debit Card Purchase - TARGET 00008755 DALLAS TX,Target,Shopping
"Debit Card Purchase - TARGET T- 2417 N HASKE DALLAS, TX US",Target,Groceries
"Digital Card Purchase - H-E-B #557 BELLMEAD, TX US",HEB,Eating Out
Digital Card Purchase - TXU BILL PAYMENT 800 242 9113 TX,TXU Energy,Misc
Digital Card Purchase - AMAZON MARK ZL8G51S80 SEATTLE WA,Amazon,Shopping
Debit Card Purchase - TARGET COM BROOKLYN PAR MN,Target,Groceries
Digital Card Purchase - AMAZON PRIME ZL6RK0350 AMZN COM BIL WA,Amazon,Shopping
"Debit Card Purchase - NORDSTROM #0034 8465 P LITTLETON, CO US",Nordstrom,Shopping
Stoller Car Seat - Deposit from 360 Performance Savings XXXXXXX1001,Savings Joint,Transfer
Stoller Car Seat - Withdrawal to 360 Checking XXXXXXX8748,Checking Joint,Transfer
Debit Card Purchase - MCDONALD S F37876 ERIE CO,McDonalds,Eating Out
Debit Card Purchase - FIRST VIEW ULTRASOUND WESTMINSTER CO,First View Ultrasound,Misc
"Debit Card Purchase - KING SOOPERS #00 3600 BOULDER, CO US",King Soopers,Eating Out
Digital Card Purchase - AMAZON RETA K98CH6KP3 SEATTLE WA,Amazon,Shopping
Debit Card Purchase - SQ FIRST VIEW ULTRASO GOSQ COM CO,First View Ultrasound,Misc
Digital Card Purchase - HUDSON ST2303 DALLAS TX,Hudson,Eating Out
Debit Card Purchase - DAL CAMPISIS DALLAS TX,Campisi's,Eating Out
Debit Card Purchase - AAFES HOOD AMCSS FORT HOOD TX,AAFES,Shopping
Preauthorized Withdrawal to FIRSTBANK checking account XXXXXX2899,Checking Joint,Income
Debit Card Purchase - SPEIGHT FOOD MART WACO TX,Speight Mart,Gas
360 Checking Card Adjustment Signature (Credit) ZARA USA 6477 DALLAS TX,Zara,Shopping
Digital Card Purchase - DD DOORDASH CICISPIZZ SAN FRANCISC CA,Doordash,Eating Out
Digital Card Purchase - HOMEGOODS 0513 DALLAS TX,Home Goods,Shopping
Debit Card Purchase - SP ALO YOGA COMMERCE CA,Alo Yoga,Shopping
Digital Card Purchase - AMAZON MARK QT5CS5GF3 SEATTLE WA,Amazon,Shopping
Digital Card Purchase - AMAZON MARK FY5DE4CB3 SEATTLE WA,Amazon,Shopping
Digital Card Purchase - IC INSTACART SAN FRANCISC CA,Instacart,Groceries
"Debit Card Purchase - WM SUPERC WAL-MART SUP BELLMEAD, TX US",Walmart,Groceries
Digital Card Purchase - AMAZON MARK LE5Z29SR3 SEATTLE WA,Amazon,Shopping
Debit Card Purchase - SP WALLI CASESLLC ALPINE UT,Walli Cases,Shopping
Debit Card Purchase - DUNKIN 352872 Q35 WESTMINISTER CO,Dunkin Donuts,Eating Out
Digital Card Purchase - MCDONALD S F13569 DENVER CO,McDonalds,Eating Out
Debit Card Purchase - HUDSONNEWS ST1369 DENVER CO,Hudson,Eating Out
Debit Card Purchase - COD AVIATION PK GAR DALLAS TX,Lovefield Parking,Misc
Digital Card Purchase - CHICK FIL A DAL DALLAS TX,Chick-fil-a,Eating Out
Digital Card Purchase - APPLE 0461CAMPUSBOOK 8003815151 IL,BU Bookstore,Shopping
Digital Card Purchase - AT T PAYMENT 800 288 2020 TX,AT&T,Misc
Digital Card Purchase - SP USAMM MILWAUKIE OR,USAAM,Shopping
Debit Card Purchase - SAVE CLEANERS 50004 FORT HOOD TX,Save Cleaners,Misc
Withdrawal to 360 Performance Savings XXXXXXX1001,Savings Joint,Transfer
Deposit from 360 Checking XXXXXXX8748,Checking Joint,Transfer
"Debit Card Purchase - AAFES-HOOD AMCSS FORT HOOD, TX US",AAFES,Shopping
Debit Card Purchase - STARBUCKS STORE 68932 WACO TX,Starbucks,Eating Out
Debit Card Purchase - TST RONIS MAC BAR UN WACO TX,Roni's Mac Bar,Eating Out
"Debit Card Purchase - TRADER JOE'S #40 TRADE DALLAS, TX US",Trader Joes,Groceries
Debit Card Purchase - 3 SPOONS YOGURT WACO TX,3 Spoons Yogurt,Eating Out
Debit Card Purchase - TST THE BLASIAN ASIAN WACO TX,Blasian Asian,Eating Out
Debit Card Purchase - HOMEGOODS 1086 WACO TX,Home Goods,Shopping
"Debit Card Purchase - 7-ELEVEN DALLAS, TX US",7-Eleven,Gas
Debit Card Purchase - TEXACO 0304372 WACO TX,Texaco,Gas
Research and Army Pay - Preauthorized Deposit from FIRSTBANK checking account XXXXXX2899,Checking Joint,Income
Debit Card Purchase - TST MORTON H MEYERSO DALLAS TX,MM Symphony Center,Misc
Debit Card Purchase - MENDOCINOFARMS DALLAS TX,Mendocino Farms,Eating Out
"Debit Card Purchase - TRADER JOE S #40 TRADE DALLAS, TX US",Trader Joes,Groceries
Debit Card Purchase - CIRCLE K 2741376 WACO TX,Circle K,Eating Out
Debit Card Purchase - WHATABURGER 538 Q26 BELLMEAD TX,Whataburger,Eating Out
Debit Card Purchase - LS APRICOT LANE BOUTI WACO TX,Apricot Lane,Shopping
Debit Card Purchase - RALLY HOUSE WACO TX,Rally House,Shopping
Debit Card Purchase - GRUBHUB BAYLOR UNIVE WACO TX,Grubhub,Eating Out
Debit Card Purchase - BAYLORMOODYSTARBUCKQPS WACO TX,Starbucks,Eating Out
Debit Card Purchase - TACO BELL 030099 AUSTIN TX,Taco Bell,Eating Out
"Debit Card Purchase - 7-ELEVEN WACO, TX US",7-Eleven,Gas
"Debit Card Purchase - CVS/PHARMACY #10 10818 WACO, TX US",CVS,Groceries
Debit Card Purchase - TST SIP CITY WACO WOODWAY TX,Sip City,Eating Out
Debit Card Purchase - SPOTIFY 8777781161 NY,Spotify,Subscriptions
"Debit Card Purchase - BOMGAARS 169 WACO, TX US",Bomgaars,Shopping
Debit Card Purchase - PANERA BREAD 601964 K WACO TX,Panera Bread,Eating Out
Debit Card Purchase - MCDONALD S F2278 WACO TX,McDonalds,Eating Out
Debit Card Purchase - ZARA USA 6477 DALLAS TX,Zara,Shopping
Debit Card Purchase - NORDSTROM 0723 DALLAS TX,Nordstrom,Shopping
Debit Card Purchase - 365 MARKET 888 432 32 TROY MI,360 Market,Eating out
Debit Card Purchase - SPOTIFY USA NEW YORK NY,Spotify,Subscriptions
Debit Card Purchase - CHICK FIL A 03295 WACO TX,Chick-fil-a,Eating Out
Debit Card Purchase - TXU BILL PAYMENT 800 242 9113 TX,TXU Energy,Misc
Debit Card Purchase - PY LAS PALMAS LUNCH A DALLAS TX,Las Palmas,Eating Out
Debit Card Purchase - AMAZON MKTPL F77S81E63 AMZN COM BIL WA,Amazon,Shopping
"Debit Card Purchase - SHELL SERVICE STATION WAXAHACHIE, TX US",Shell Fuel,Gas
Debit Card Purchase - SUBWAY 7944 DALLAS TX,Subway,Eating Out
Debit Card Purchase - OLIVE GARDEN ZK 002167 GARLAND TX,Olive Garden,Eating Out
Debit Card Purchase - PAY AMAZON COM 866 216 1072 WA,Amazon,Shopping
"Debit Card Purchase - H-E-B #557 BELLMEAD, TX US",HEB,Eating Out
Debit Card Purchase - SHEIN COM KENT DE,Shein,Shopping
360 Checking Card Adjustment Signature (Credit) AMAZON MARK D045G8OK3 SEATTLE WA,Amazon,Shopping
Debit Card Purchase - BUC EE S 59 HILLSBORO TX,Buc-ee's,Gas
Debit Card Purchase - AMAZON MARK D045G8OK3 SEATTLE WA,Amazon,Shopping
Instant transfer received from VENMO - MMRLRCIDTKJMLCX,Venmo,Income
"Debit Card Purchase - 3 SPOONS YOGURT WACO, TX US",3 Spoons Yogurt,Eating Out
"Debit Card Purchase - WALGREENS STORE 9101 W WOODWAY, TX US",Walgreens,Groceries
Instant transfer received from VENMO - MMLBXFJ8CXAVQUE,Venmo,Income
CG Sep 9-22 - Check Deposit (Mobile),Checking Joint,Income
Other refund - Preauthorized Deposit from FIRSTBANK checking account XXXXXX2899,Savings Joint,Income
Debit Card Purchase - AMAZON MKTPL TA4BT93Z3 AMZN COM BIL WA,Amazon,Shopping
"Debit Card Purchase - 7-ELEVEN 35386 DALLAS, TX US",7-Eleven,Gas
Debit Card Purchase - DHGATE COM 20240923 113,DH Gate,Shopping
Debit Card Purchase - SHAKE SHACK DENVER CO,Shake Shack,Eating Out
Debit Card Purchase - LEVY 1UCOLORADO BOULDER CO,Levy Restaurants,Eating Out
Debit Card Purchase - TST THE GRILL AT TODD BRIGHTON CO,The Grill,Eating Out
Debit Card Purchase - HUDSON ST1402 DALLAS TX,Hudson,Eating Out
Debit Card Purchase - NORDSTROM 0738 DALLAS TX,Nordstrom,Shopping
Debit Card Purchase - AMAZON MKTPL 4L78R25D3 AMZN COM BIL WA,Amazon,Shopping
Debit Card Purchase - AMAZON MKTPL 5B6LQ8VP3 AMZN COM BIL WA,Amazon,Shopping
Debit Card Purchase - AMAZON MKTPL Y500B55G3 AMZN COM BIL WA,Amazon,Shopping
Debit Card Purchase - PANERA BREAD 601964 P WACO TX,Panera Bread,Eating Out
Debit Card Purchase - SPICE VILLAGE WACO TX,Spice Village,Shopping
Flights - Deposit from 360 Performance Savings XXXXXXX1001,Savings Joint,Transfer
Flights - Withdrawal to 360 Checking XXXXXXX8748,Checking Joint,Transfer
Debit Card Purchase - MARSHALLS 0294 WACO TX,Marshalls,Shopping
Debit Card Purchase - MOD PIZZA WACO 254 255 1455 TX,Mod Pizza,Eating Out
Debit Card Purchase - TARGET 00015313 WACO TX,Target,Shopping
CG Aug26-Sept8 - Check Deposit (Mobile),Savings Joint,Income
Debit Card Purchase - EXXON ABBOTT TRAVEL CE ABBOTT TX,Exxon,Gas
"Debit Card Purchase - TARGET T- 5401 BOSQUE WACO, TX US",Target,Groceries
Debit Card Purchase - AMAZON MKTPL Z82C25A30 AMZN COM BIL WA,Amazon,Shopping
Debit Card Purchase - TIKTOK SHOP TIKTOK SHO CULVER CITY CA,Tiktok Shop,Shopping
Summer work half scholars - Preauthorized Deposit from FIRSTBANK checking account XXXXXX2899,Savings Joint,Income
Debit Card Purchase - TJMAXX 0677 DALLAS NORTH TX,TJ Maxx,Shopping
"Debit Card Purchase - KROGER #0529 4241 CAPI DALLAS, TX US",Kroger,Groceries
Wedding - Check Deposit (Mobile),Savings Joint,Income
